{
  "version": 2,
  "builds": [
    {
      "src": "api/index.js",
      "use": "@vercel/node"
    }
  ],
  "routes": [
    {
      "src": "/health",
      "dest": "/api/index.js"
    },
    {
      "src": "/webhooks/(.*)",
      "dest": "/api/index.js"
    },
    {
      "src": "/api/(.*)",
      "dest": "/api/index.js"
    },
    {
      "src": "/(.*)",
      "dest": "/api/index.js"
    }
  ],
  "headers": [
    {
      "source": "/(.*)",
      "headers": [
        { "key": "Access-Control-Allow-Origin", "value": "*" },
        { "key": "Access-Control-Allow-Methods", "value": "GET, POST, PUT, PATCH, DELETE, OPTIONS" },
        { "key": "Access-Control-Allow-Headers", "value": "Content-Type, Authorization, x-api-token, Api-Key, Idempotency-Key" }
      ]
    }
  ],
  "functions": {
    "api/index.js": {
      "maxDuration": 30,
      "memory": 1024
    }
  },
  "regions": ["iad1"]
}
